﻿<?xml version="1.0" encoding="UTF-8" standalone="yes"?>
<addon id="teste.repository" name="Teste repository" version="0.0.2" provider-name="pedro009">
	<extension point="xbmc.addon.repository" name="Teste Add-on Repository">
		<info compressed="false">http://raw.github.com/pedro009/teste.repository/master/addons.xml</info>
		<checksum>http://raw.github.com/pedro009/teste.repository/master/addons.xml.md5</checksum>
		<datadir zip="true">http://raw.github.com/pedro009/teste.repository/master/repo/</datadir>
	</extension>
	<extension point="xbmc.addon.metadata">
		<summary>Teste Addon</summary>
		<description>Addon Description</description>
		<disclaimer></disclaimer>
		<platform>all</platform>
	</extension>
</addon>